序號,章節,起始頁,結束頁,頁數,文字tokens,圖片模式tokens約,檔案大小KB,檔名
00,前置資料,P1,P6,6,8678,9000,518,00_前置資料_P1-P6.pdf
01,指數化簡,P7,P8,2,1147,3000,419,01_指數化簡_P7-P8.pdf
02,多項式運算,P9,P10,2,1256,3000,418,02_多項式運算_P9-P10.pdf
03,函數,P11,P12,2,995,3000,406,03_函數_P11-P12.pdf
04,主項變換,P13,P15,3,1088,4500,430,04_主項變換_P13-P15.pdf
05,因式分解,P16,P16,1,1067,1500,392,05_因式分解_P16-P16.pdf
06,恆等式求未知係數/常數,P17,P18,2,1332,3000,427,06_恆等式求未知係數_常數_P17-P18.pdf
07,餘式/因式定理,P19,P20,2,1398,3000,433,07_餘式_因式定理_P19-P20.pdf
08,二元一次聯立方程,P21,P21,1,502,1500,401,08_二元一次聯立方程_P21-P21.pdf
09,二次方程,P22,P22,1,718,1500,390,09_二次方程_P22-P22.pdf
10,二次函數的圖像,P23,P24,2,1518,3000,467,10_二次函數的圖像_P23-P24.pdf
11,複合一元一次不等式,P25,P26,2,1362,3000,410,11_複合一元一次不等式_P25-P26.pdf
12,不等式的性質,P27,P27,1,150,1500,378,12_不等式的性質_P27-P27.pdf
13,百分數,P28,P29,2,1857,3000,405,13_百分數_P28-P29.pdf
14,數列,P30,P31,2,1530,3000,454,14_數列_P30-P31.pdf
15,比和率,P32,P33,2,1889,3000,418,15_比和率_P32-P33.pdf
16,變數法,P34,P35,2,1556,3000,456,16_變數法_P34-P35.pdf
17,誤差,P36,P36,1,736,1500,430,17_誤差_P36-P36.pdf
18,近似法,P37,P38,2,1267,3000,413,18_近似法_P37-P38.pdf
19,扇/弓形面積、弧長、周界,P39,P40,2,1112,3000,440,19_扇_弓形面積、弧長、周界_P39-P40.pdf
20,立體的求積法,P41,P42,2,1706,3000,466,20_立體的求積法_P41-P42.pdf
21,直線圖形的面積、邊長、周界,P43,P45,3,1709,4500,529,21_直線圖形的面積、邊長、周界_P43-P45.pdf
22,邊長比與(相似)三角形面積比,P46,P48,3,2136,4500,646,22_邊長比與(相似)三角形面積比_P46-P48.pdf
23,直線圖形的演繹幾何,P49,P54,6,3263,9000,791,23_直線圖形的演繹幾何_P49-P54.pdf
24,圓的演繹幾何(及三角比),P55,P57,3,1800,4500,739,24_圓的演繹幾何(及三角比)_P55-P57.pdf
25,圓的部份區域的面積,P58,P58,1,578,1500,487,25_圓的部份區域的面積_P58-P58.pdf
26,直角三角形的三角比,P59,P61,3,1358,4500,576,26_直角三角形的三角比_P59-P61.pdf
27,三角比的歸約公式,P62,P62,1,531,1500,388,27_三角比的歸約公式_P62-P62.pdf
28,方位,P63,P63,1,248,1500,402,28_方位_P63-P63.pdf
29,多邊形的性質及對稱性,P64,P65,2,1470,3000,462,29_多邊形的性質及對稱性_P64-P65.pdf
30,點的坐標變換,P66,P66,1,468,1500,392,30_點的坐標變換_P66-P66.pdf
31,軌跡,P67,P68,2,1842,3000,495,31_軌跡_P67-P68.pdf
32,直線的坐標幾何,P69,P72,4,2693,6000,546,32_直線的坐標幾何_P69-P72.pdf
33,圓的坐標幾何,P73,P75,3,2463,4500,458,33_圓的坐標幾何_P73-P75.pdf
34,基礎概率,P76,P77,2,1752,3000,436,34_基礎概率_P76-P77.pdf
35,統計圖及基礎概率,P78,P78,1,536,1500,405,35_統計圖及基礎概率_P78-P78.pdf
36,統計 1,P79,P81,3,1880,4500,609,36_統計 1_P79-P81.pdf
37,統計 2,P82,P83,2,1695,3000,479,37_統計 2_P82-P83.pdf
38,最大公因式及最小公倍式,P84,P85,2,1110,3000,439,38_最大公因式及最小公倍式_P84-P85.pdf
39,代數分式,P86,P86,1,144,1500,380,39_代數分式_P86-P86.pdf
40,函數圖像的變換,P87,P88,2,640,3000,600,40_函數圖像的變換_P87-P88.pdf
41,對數,P89,P92,4,2538,6000,510,41_對數_P89-P92.pdf
42,線性關係,P93,P93,1,285,1500,403,42_線性關係_P93-P93.pdf
43,指數函數圖像,P94,P94,1,399,1500,397,43_指數函數圖像_P94-P94.pdf
44,不同進制的記數法,P95,P95,1,541,1500,401,44_不同進制的記數法_P95-P95.pdf
45,二次方程/函數 (非常規型或 NF),P96,P96,1,787,1500,409,45_二次方程_函數 (非常規型或 NF)_P96-P96.pdf
46,複數,P97,P98,2,1511,3000,427,46_複數_P97-P98.pdf
47,線性規劃,P99,P101,3,1852,4500,455,47_線性規劃_P99-P101.pdf
48,等 差/比 數列/級數,P102,P104,3,1993,4500,425,48_等 差_比 數列_級數_P102-P104.pdf
49,三角函數圖像,P105,P105,1,542,1500,438,49_三角函數圖像_P105-P105.pdf
50,三角方程,P106,P106,1,610,1500,517,50_三角方程_P106-P106.pdf
51,立體處境的三角學,P107,P109,3,1534,4500,575,51_立體處境的三角學_P107-P109.pdf
52,平面圖形的三角學,P110,P110,1,443,1500,446,52_平面圖形的三角學_P110-P110.pdf
53,圓的性質、平面圖形的三角學,P111,P111,1,217,1500,458,53_圓的性質、平面圖形的三角學_P111-P111.pdf
54,圓的切線,P112,P114,3,1873,4500,721,54_圓的切線_P112-P114.pdf
55,直線與圓的相交,P115,P116,2,1263,3000,426,55_直線與圓的相交_P115-P116.pdf
56,三角形的四心,P117,P118,2,1380,3000,478,56_三角形的四心_P117-P118.pdf
57,排列與組合 (概率),P119,P120,2,1698,3000,346,57_排列與組合 (概率)_P119-P120.pdf
58,概率(加法律、互補律及乘法律) NF,P121,P123,3,1451,4500,408,58_概率(加法律、互補律及乘法律) NF_P121-P123.pdf
59,統計,P124,P127,4,3328,6000,546,59_統計_P124-P127.pdf
99,答案_甲部,P128,P134,7,3600,10500,365,99_答案_甲部_P128-P134.pdf
